height,foot,wingspan,leverage
63,9,62,0.23986
63,9,62,0.23986
65,9,64,0.228236
64,9.5,64.5,0.223625
68,9.5,67,0.196418
69,10,69,0.083676
71,10,70,0.262182
68,10,72,0.067207
68,10.5,70,0.187088
72,10.5,72,0.151959
73,11,73,0.143279
73.5,11,75,0.168719
70,11,71,0.24538
70,11,70,0.24538
72,11,76,0.12879
74,11.2,76.5,0.18834
